{
  "$schema": "./node_modules/@angular/cli/lib/config/schema.json",
  "project": {
    "name": "material"
  },
  "apps": [
    {
      "root": "src",
      "outDir": "PureEquity",
      "assets": [
        "assets",
        "favicon.ico",
        ".htaccess",
        ".git"
      ],
      "index": "index.html",
      "main": "main.ts",
      "polyfills": "polyfills.ts",
      "test": "test.ts",
      "tsconfig": "tsconfig.app.json",
      "testTsconfig": "tsconfig.spec.json",
      "prefix": "app",
      "styles": [
        "styles.css",
        "../node_modules/chartist/dist/chartist.css",
          "../node_modules/quill/dist/quill.snow.css",
          "../node_modules/quill/dist/quill.bubble.css",
          "../node_modules/angular-calendar/css/angular-calendar.css",
          "../node_modules/dragula/dist/dragula.css",
          "assets/styles/style.scss",
          "../node_modules/ngx-toastr/toastr.css",
          "../node_modules/highcharts/css/highcharts.css"
      ],
      "scripts": [
          "assets/js/jquery-2.2.4.min.js",
          "../node_modules/ng-recaptcha/index.js",
          "assets/js/jquery.sparkline.min.js",
          "../node_modules/highcharts/js/highstock.js"
      ],
      "environmentSource": "environments/environment.ts",
      "environments": {
        "dev": "environments/environment.ts",
        "source": "environments/environment.source.ts",
        "prod": "environments/environment.prod.ts"
      }
    }
  ],
  "e2e": {
    "protractor": {
      "config": "./protractor.conf.js"
    }
  },
  "lint": [
    {
      "project": "src/tsconfig.app.json",
      "exclude": "**/node_modules/**"
    },
    {
      "project": "src/tsconfig.spec.json",
      "exclude": "**/node_modules/**"
    },
    {
      "project": "e2e/tsconfig.e2e.json",
      "exclude": "**/node_modules/**"
    }
  ],
  "test": {
    "karma": {
      "config": "./karma.conf.js"
    }
  },
  "defaults": {
    "styleExt": "css",
    "component": {}
  }
}
