{
  "Bar": {
    "labels": [
      "Jan",
      "Feb",
      "Mar",
      "Apr",
      "May",
      "Jun"
      
    ],
    "series": [
      [
        9,
        4,
        11,
        7,
        10,
        12
        
      ],
      [
        3,
        2,
        9,
        5,
        8,
        10
        
      ]
    ]
  },
  "LineWithArea": {
    "labels": [
      1,
      2,
      3,
      4,
      5,
      6,
      7,
      8
    ],
    "series": [
      [0, 5000, 15000, 8000, 15000, 9000, 30000, 0]
      , [0, 3000, 5000, 2000, 8000, 1000, 5000, 0]
    ]
  },
  "Pie": {
    "series": [
      20,
      10,
      30,
      40
    ]
  }
}