{
    "results": [
        {
            "key": "AF",
            "value": "Afghanistan"
        },
        {
            "key": "AL",
            "value": "Albania"
        },
        {
            "key": "DZ",
            "value": "Algeria"
        },
        {
            "key": "DS",
            "value": "American Samoa"
        },
        {
            "key": "AD",
            "value": "Andorra"
        },
        {
            "key": "AO",
            "value": "Angola"
        },
        {
            "key": "AI",
            "value": "Anguilla"
        },
        {
            "key": "AQ",
            "value": "Antarctica"
        },
        {
            "key": "AG",
            "value": "Antigua and Barbuda"
        },
        {
            "key": "AR",
            "value": "Argentina"
        },
        {
            "key": "AM",
            "value": "Armenia"
        },
        {
            "key": "AW",
            "value": "Aruba"
        },
        {
            "key": "AU",
            "value": "Australia"
        },
        {
            "key": "AT",
            "value": "Austria"
        },
        {
            "key": "AZ",
            "value": "Azerbaijan"
        },
        {
            "key": "BS",
            "value": "Bahamas"
        },
        {
            "key": "BH",
            "value": "Bahrain"
        },
        {
            "key": "BD",
            "value": "Bangladesh"
        },
        {
            "key": "BB",
            "value": "Barbados"
        },
        {
            "key": "BY",
            "value": "Belarus"
        },
        {
            "key": "BE",
            "value": "Belgium"
        },
        {
            "key": "BZ",
            "value": "Belize"
        },
        {
            "key": "BJ",
            "value": "Benin"
        },
        {
            "key": "BM",
            "value": "Bermuda"
        },
        {
            "key": "BT",
            "value": "Bhutan"
        },
        {
            "key": "BO",
            "value": "Bolivia"
        },
        {
            "key": "BA",
            "value": "Bosnia and Herzegovina"
        },
        {
            "key": "BW",
            "value": "Botswana"
        },
        {
            "key": "BV",
            "value": "Bouvet Island"
        },
        {
            "key": "BR",
            "value": "Brazil"
        },
        {
            "key": "IO",
            "value": "British Indian Ocean Territory"
        },
        {
            "key": "BN",
            "value": "Brunei Darussalam"
        },
        {
            "key": "BG",
            "value": "Bulgaria"
        },
        {
            "key": "BF",
            "value": "Burkina Faso"
        },
        {
            "key": "BI",
            "value": "Burundi"
        },
        {
            "key": "KH",
            "value": "Cambodia"
        },
        {
            "key": "CM",
            "value": "Cameroon"
        },
        {
            "key": "CA",
            "value": "Canada"
        },
        {
            "key": "CV",
            "value": "Cape Verde"
        },
        {
            "key": "KY",
            "value": "Cayman Islands"
        },
        {
            "key": "CF",
            "value": "Central African Republic"
        },
        {
            "key": "TD",
            "value": "Chad"
        },
        {
            "key": "CL",
            "value": "Chile"
        },
        {
            "key": "CN",
            "value": "China"
        },
        {
            "key": "CX",
            "value": "Christmas Island"
        },
        {
            "key": "CC",
            "value": "Cocos (Keeling) Islands"
        },
        {
            "key": "CO",
            "value": "Colombia"
        },
        {
            "key": "KM",
            "value": "Comoros"
        },
        {
            "key": "CG",
            "value": "Congo"
        },
        {
            "key": "CK",
            "value": "Cook Islands"
        },
        {
            "key": "CR",
            "value": "Costa Rica"
        },
        {
            "key": "HR",
            "value": "Croatia (Hrvatska)"
        },
        {
            "key": "CU",
            "value": "Cuba"
        },
        {
            "key": "CY",
            "value": "Cyprus"
        },
        {
            "key": "CZ",
            "value": "Czech Republic"
        },
        {
            "key": "DK",
            "value": "Denmark"
        },
        {
            "key": "DJ",
            "value": "Djibouti"
        },
        {
            "key": "DM",
            "value": "Dominica"
        },
        {
            "key": "DO",
            "value": "Dominican Republic"
        },
        {
            "key": "TP",
            "value": "East Timor"
        },
        {
            "key": "EC",
            "value": "Ecuador"
        },
        {
            "key": "EG",
            "value": "Egypt"
        },
        {
            "key": "SV",
            "value": "El Salvador"
        },
        {
            "key": "GQ",
            "value": "Equatorial Guinea"
        },
        {
            "key": "ER",
            "value": "Eritrea"
        },
        {
            "key": "EE",
            "value": "Estonia"
        },
        {
            "key": "ET",
            "value": "Ethiopia"
        },
        {
            "key": "FK",
            "value": "Falkland Islands (Malvinas)"
        },
        {
            "key": "FO",
            "value": "Faroe Islands"
        },
        {
            "key": "FJ",
            "value": "Fiji"
        },
        {
            "key": "FI",
            "value": "Finland"
        },
        {
            "key": "FR",
            "value": "France"
        },
        {
            "key": "FX",
            "value": "France, Metropolitan"
        },
        {
            "key": "GF",
            "value": "French Guiana"
        },
        {
            "key": "PF",
            "value": "French Polynesia"
        },
        {
            "key": "TF",
            "value": "French Southern Territories"
        },
        {
            "key": "GA",
            "value": "Gabon"
        },
        {
            "key": "GM",
            "value": "Gambia"
        },
        {
            "key": "GE",
            "value": "Georgia"
        },
        {
            "key": "DE",
            "value": "Germany"
        },
        {
            "key": "GH",
            "value": "Ghana"
        },
        {
            "key": "GI",
            "value": "Gibraltar"
        },
        {
            "key": "GK",
            "value": "Guernsey"
        },
        {
            "key": "GR",
            "value": "Greece"
        },
        {
            "key": "GL",
            "value": "Greenland"
        },
        {
            "key": "GD",
            "value": "Grenada"
        },
        {
            "key": "GP",
            "value": "Guadeloupe"
        },
        {
            "key": "GU",
            "value": "Guam"
        },
        {
            "key": "GT",
            "value": "Guatemala"
        },
        {
            "key": "GN",
            "value": "Guinea"
        },
        {
            "key": "GW",
            "value": "Guinea-Bissau"
        },
        {
            "key": "GY",
            "value": "Guyana"
        },
        {
            "key": "HT",
            "value": "Haiti"
        },
        {
            "key": "HM",
            "value": "Heard and Mc Donald Islands"
        },
        {
            "key": "HN",
            "value": "Honduras"
        },
        {
            "key": "HK",
            "value": "Hong Kong"
        },
        {
            "key": "HU",
            "value": "Hungary"
        },
        {
            "key": "IS",
            "value": "Iceland"
        },
        {
            "key": "IN",
            "value": "India"
        },
        {
            "key": "IM",
            "value": "Isle of Man"
        },
        {
            "key": "ID",
            "value": "Indonesia"
        },
        {
            "key": "IR",
            "value": "Iran (Islamic Republic of)"
        },
        {
            "key": "IQ",
            "value": "Iraq"
        },
        {
            "key": "IE",
            "value": "Ireland"
        },
        {
            "key": "IL",
            "value": "Israel"
        },
        {
            "key": "IT",
            "value": "Italy"
        },
        {
            "key": "CI",
            "value": "Ivory Coast"
        },
        {
            "key": "JE",
            "value": "Jersey"
        },
        {
            "key": "JM",
            "value": "Jamaica"
        },
        {
            "key": "JP",
            "value": "Japan"
        },
        {
            "key": "JO",
            "value": "Jordan"
        },
        {
            "key": "KZ",
            "value": "Kazakhstan"
        },
        {
            "key": "KE",
            "value": "Kenya"
        },
        {
            "key": "KI",
            "value": "Kiribati"
        },
        {
            "key": "KP",
            "value": "Korea, Democratic People´s Republic of"
        },
        {
            "key": "KR",
            "value": "Korea, Republic of"
        },
        {
            "key": "XK",
            "value": "Kosovo"
        },
        {
            "key": "KW",
            "value": "Kuwait"
        },
        {
            "key": "KG",
            "value": "Kyrgyzstan"
        },
        {
            "key": "LA",
            "value": "Lao People´s Democratic Republic"
        },
        {
            "key": "LV",
            "value": "Latvia"
        },
        {
            "key": "LB",
            "value": "Lebanon"
        },
        {
            "key": "LS",
            "value": "Lesotho"
        },
        {
            "key": "LR",
            "value": "Liberia"
        },
        {
            "key": "LY",
            "value": "Libyan Arab Jamahiriya"
        },
        {
            "key": "LI",
            "value": "Liechtenstein"
        },
        {
            "key": "LT",
            "value": "Lithuania"
        },
        {
            "key": "LU",
            "value": "Luxembourg"
        },
        {
            "key": "MO",
            "value": "Macau"
        },
        {
            "key": "MK",
            "value": "Macedonia"
        },
        {
            "key": "MG",
            "value": "Madagascar"
        },
        {
            "key": "MW",
            "value": "Malawi"
        },
        {
            "key": "MY",
            "value": "Malaysia"
        },
        {
            "key": "MV",
            "value": "Maldives"
        },
        {
            "key": "ML",
            "value": "Mali"
        },
        {
            "key": "MT",
            "value": "Malta"
        },
        {
            "key": "MH",
            "value": "Marshall Islands"
        },
        {
            "key": "MQ",
            "value": "Martinique"
        },
        {
            "key": "MR",
            "value": "Mauritania"
        },
        {
            "key": "MU",
            "value": "Mauritius"
        },
        {
            "key": "TY",
            "value": "Mayotte"
        },
        {
            "key": "MX",
            "value": "Mexico"
        },
        {
            "key": "FM",
            "value": "Micronesia, Federated States of"
        },
        {
            "key": "MD",
            "value": "Moldova, Republic of"
        },
        {
            "key": "MC",
            "value": "Monaco"
        },
        {
            "key": "MN",
            "value": "Mongolia"
        },
        {
            "key": "ME",
            "value": "Montenegro"
        },
        {
            "key": "MS",
            "value": "Montserrat"
        },
        {
            "key": "MA",
            "value": "Morocco"
        },
        {
            "key": "MZ",
            "value": "Mozambique"
        },
        {
            "key": "MM",
            "value": "Myanmar"
        },
        {
            "key": "NA",
            "value": "Namibia"
        },
        {
            "key": "NR",
            "value": "Nauru"
        },
        {
            "key": "NP",
            "value": "Nepal"
        },
        {
            "key": "NL",
            "value": "Netherlands"
        },
        {
            "key": "AN",
            "value": "Netherlands Antilles"
        },
        {
            "key": "NC",
            "value": "New Caledonia"
        },
        {
            "key": "NZ",
            "value": "New Zealand"
        },
        {
            "key": "NI",
            "value": "Nicaragua"
        },
        {
            "key": "NE",
            "value": "Niger"
        },
        {
            "key": "NG",
            "value": "Nigeria"
        },
        {
            "key": "NU",
            "value": "Niue"
        },
        {
            "key": "NF",
            "value": "Norfolk Island"
        },
        {
            "key": "MP",
            "value": "Northern Mariana Islands"
        },
        {
            "key": "NO",
            "value": "Norway"
        },
        {
            "key": "OM",
            "value": "Oman"
        },
        {
            "key": "PK",
            "value": "Pakistan"
        },
        {
            "key": "PW",
            "value": "Palau"
        },
        {
            "key": "PS",
            "value": "Palestine"
        },
        {
            "key": "PA",
            "value": "Panama"
        },
        {
            "key": "PG",
            "value": "Papua New Guinea"
        },
        {
            "key": "PY",
            "value": "Paraguay"
        },
        {
            "key": "PE",
            "value": "Peru"
        },
        {
            "key": "PH",
            "value": "Philippines"
        },
        {
            "key": "PN",
            "value": "Pitcairn"
        },
        {
            "key": "PL",
            "value": "Poland"
        },
        {
            "key": "PT",
            "value": "Portugal"
        },
        {
            "key": "PR",
            "value": "Puerto Rico"
        },
        {
            "key": "QA",
            "value": "Qatar"
        },
        {
            "key": "RE",
            "value": "Reunion"
        },
        {
            "key": "RO",
            "value": "Romania"
        },
        {
            "key": "RU",
            "value": "Russian Federation"
        },
        {
            "key": "RW",
            "value": "Rwanda"
        },
        {
            "key": "KN",
            "value": "Saint Kitts and Nevis"
        },
        {
            "key": "LC",
            "value": "Saint Lucia"
        },
        {
            "key": "VC",
            "value": "Saint Vincent and the Grenadines"
        },
        {
            "key": "WS",
            "value": "Samoa"
        },
        {
            "key": "SM",
            "value": "San Marino"
        },
        {
            "key": "ST",
            "value": "Sao Tome and Principe"
        },
        {
            "key": "SA",
            "value": "Saudi Arabia"
        },
        {
            "key": "SN",
            "value": "Senegal"
        },
        {
            "key": "RS",
            "value": "Serbia"
        },
        {
            "key": "SC",
            "value": "Seychelles"
        },
        {
            "key": "SL",
            "value": "Sierra Leone"
        },
        {
            "key": "SG",
            "value": "Singapore"
        },
        {
            "key": "SK",
            "value": "Slovakia"
        },
        {
            "key": "SI",
            "value": "Slovenia"
        },
        {
            "key": "SB",
            "value": "Solomon Islands"
        },
        {
            "key": "SO",
            "value": "Somalia"
        },
        {
            "key": "ZA",
            "value": "South Africa"
        },
        {
            "key": "GS",
            "value": "South Georgia South Sandwich Islands"
        },
        {
            "key": "ES",
            "value": "Spain"
        },
        {
            "key": "LK",
            "value": "Sri Lanka"
        },
        {
            "key": "SH",
            "value": "St. Helena"
        },
        {
            "key": "PM",
            "value": "St. Pierre and Miquelon"
        },
        {
            "key": "SD",
            "value": "Sudan"
        },
        {
            "key": "SR",
            "value": "Suriname"
        },
        {
            "key": "SJ",
            "value": "Svalbard and Jan Mayen Islands"
        },
        {
            "key": "SZ",
            "value": "Swaziland"
        },
        {
            "key": "SE",
            "value": "Sweden"
        },
        {
            "key": "CH",
            "value": "Switzerland"
        },
        {
            "key": "SY",
            "value": "Syrian Arab Republic"
        },
        {
            "key": "TW",
            "value": "Taiwan"
        },
        {
            "key": "TJ",
            "value": "Tajikistan"
        },
        {
            "key": "TZ",
            "value": "Tanzania, United Republic of"
        },
        {
            "key": "TH",
            "value": "Thailand"
        },
        {
            "key": "TG",
            "value": "Togo"
        },
        {
            "key": "TK",
            "value": "Tokelau"
        },
        {
            "key": "TO",
            "value": "Tonga"
        },
        {
            "key": "TT",
            "value": "Trinidad and Tobago"
        },
        {
            "key": "TN",
            "value": "Tunisia"
        },
        {
            "key": "TR",
            "value": "Turkey"
        },
        {
            "key": "TM",
            "value": "Turkmenistan"
        },
        {
            "key": "TC",
            "value": "Turks and Caicos Islands"
        },
        {
            "key": "TV",
            "value": "Tuvalu"
        },
        {
            "key": "UG",
            "value": "Uganda"
        },
        {
            "key": "UA",
            "value": "Ukraine"
        },
        {
            "key": "AE",
            "value": "United Arab Emirates"
        },
        {
            "key": "GB",
            "value": "United Kingdom"
        },
        {
            "key": "US",
            "value": "United States"
        },
        {
            "key": "UM",
            "value": "United States minor outlying islands"
        },
        {
            "key": "UY",
            "value": "Uruguay"
        },
        {
            "key": "UZ",
            "value": "Uzbekistan"
        },
        {
            "key": "VU",
            "value": "Vanuatu"
        },
        {
            "key": "VA",
            "value": "Vatican City State"
        },
        {
            "key": "VE",
            "value": "Venezuela"
        },
        {
            "key": "VN",
            "value": "Vietnam"
        },
        {
            "key": "VG",
            "value": "Virgin Islands (British)"
        },
        {
            "key": "VI",
            "value": "Virgin Islands (U.S.)"
        },
        {
            "key": "WF",
            "value": "Wallis and Futuna Islands"
        },
        {
            "key": "EH",
            "value": "Western Sahara"
        },
        {
            "key": "YE",
            "value": "Yemen"
        },
        {
            "key": "ZR",
            "value": "Zaire"
        },
        {
            "key": "ZM",
            "value": "Zambia"
        },
        {
            "key": "ZW",
            "value": "Zimbabwe"
        }
    ]
}